prompt,response,reference,category,timestamp
What's the capital of Spain?,Madrid,Madrid,Pass,2025-10-11 08:09:19
Who is the president of Bangladesh?,Shahabuddin,Shahabuddin,Pass,2025-10-11 08:09:19
What is 9+0?,90,9,Fail,2025-10-11 08:09:19
what is 500-50?,450,450,Pass,2025-10-11 08:09:19
whats the symbolic bird of USA ?,Eagle,Eagle,Pass,2025-10-11 08:09:19
which singer sang the song Skyfall?,Adele,Adele,Pass,2025-10-11 08:09:19
who is founder of Google?,Larry Page,Larry Page,Pass,2025-10-11 08:09:19
What is the latest Bugatti car released?,Chiron,Tourbillion,Fail,2025-10-11 08:09:19
which is the fastest bike in world?,Ducatti,Kawasaki,Fail,2025-10-11 08:09:19
