prompt,response,reference,category,timestamp
What's the capital of Spain?,The capital of Spain is **Madrid**.,Madrid,Fail,2025-10-16 14:19:51
Who is the president of Bangladesh?,The current president of Bangladesh is **Mohammed Shahabuddin**.,Shahabuddin,Fail,2025-10-16 14:19:51
What is 9+0?,9 + 0 = 9,9,Fail,2025-10-16 14:19:51
what is 500-50?,500 - 50 = **450**,450,Fail,2025-10-16 14:19:51
whats the symbolic bird of USA ?,The **Bald Eagle** is the national bird and a symbol of the USA.,Eagle,Fail,2025-10-16 14:19:51
which singer sang the song Skyfall?,"**Adele** sang the song ""Skyfall.""",Adele,Fail,2025-10-16 14:19:51
who is founder of Google?,"Google was founded by **Larry Page** and **Sergey Brin**.

They were both PhD students at Stanford University when they developed the search engine that would become Google. They officially incorporated Google as a private company on September 4, 1998.",Larry Page,Fail,2025-10-16 14:19:51
What is the latest Bugatti car released?,"The latest Bugatti car unveiled is the **Bugatti Tourbillon**.

It was officially revealed on **June 20, 2024**.

The Tourbillon is the successor to the legendary Bugatti Chiron and marks a significant shift for the brand, as it features a new **hybrid powertrain** built around a naturally aspirated V16 engine. Deliveries are expected to begin in 2026.",Tourbillion,Fail,2025-10-16 14:19:51
which is the fastest bike in world?,"When talking about the ""fastest bike in the world,"" it's important to distinguish between **track-only** and **street-legal production** motorcycles, as the capabilities differ significantly.

### 1. The Absolute Fastest (Track-Only):

**Kawasaki Ninja H2R**

*   **Top Speed:** Claims of 249 mph (400 km/h) have been verified in controlled runs (e.g., by Kenan Sofuoğlu on a bridge).
*   **Engine:** Supercharged 998cc inline-four.
*   **Horsepower:** Around 310 hp (326 hp with ram air).
*   **Key Feature:** This bike is *not street legal*. It's designed exclusively for closed-course use due to its extreme performance and lack of road-required features (like headlights, mirrors in some markets, etc.).

If you mean the absolute fastest machine with two wheels that's commercially available, the H2R takes the crown.

### 2. The Fastest Street-Legal Production Bike:

This category is a bit more competitive and subject to ""gentleman's agreements"" among manufacturers to electronically limit top speeds for safety and regulatory reasons. Most modern hypersport bikes are electronically limited to **186 mph (300 km/h)**. However, if those limits were removed, a few stand out:

**Kawasaki Ninja H2**

*   **Top Speed (Unrestricted Potential):** While electronically limited to 186 mph (300 km/h), the street-legal H2 (a detuned version of the H2R) has the potential to go significantly faster without the limiter, likely well over 200 mph.
*   **Engine:** Supercharged 998cc inline-four.
*   **Horsepower:** Around 200 hp (210 hp with ram air).
*   **Why it's fastest:** It shares the supercharged engine technology with the H2R, giving it a massive advantage in raw power output compared to naturally aspirated bikes, even with its street-legal restrictions.

**Other Contenders (Historically and Currently Very Fast):**

*   **Suzuki Hayabusa:** Historically the ""king of speed"" before the H2 series. The latest generation is still incredibly fast, electronically limited to 186 mph (300 km/h), but with immense power.
*   **Kawasaki ZX-14R (Zumo):** Another power-focused bike from Kawasaki designed for high-speed cruising, also electronically limited.
*   **BMW S1000RR / Ducati Panigale V4 / Yamaha YZF-R1 / Honda CBR1000RR-R Fireblade:** These are all incredibly fast superbikes, designed for track performance and acceleration. While they'll hit the 186 mph limiter very quickly, their ultimate unrestricted top speed might be just shy of a derestricted H2.

**In summary:**

*   **Absolute Fastest (Track-Only): Kawasaki Ninja H2R**
*   **Fastest Street-Legal (by unrestricted potential): Kawasaki Ninja H2**",Kawasaki,Fail,2025-10-16 14:19:51
What's the capital of Spain?,The capital of Spain is **Madrid**.,Madrid,Pass,2025-10-16 14:33:22
Who is the president of Bangladesh?,"The current president of Bangladesh is **Mohammad Shahabuddin**.

He took office on April 24, 2023. He was previously a judge and a commissioner of the Anti-Corruption Commission. The presidency in Bangladesh is largely a ceremonial role, with the Prime Minister holding most of the executive power.",Shahabuddin,Pass,2025-10-16 14:33:22
What is 9+0?,9 + 0 = 9,9,Pass,2025-10-16 14:33:22
what is 500-50?,500 - 50 = **450**,450,Pass,2025-10-16 14:33:22
whats the symbolic bird of USA ?,The symbolic bird of the USA is the **Bald Eagle**.,Eagle,Pass,2025-10-16 14:33:22
which singer sang the song Skyfall?,"The song ""Skyfall"" was sung by **Adele**.",Adele,Pass,2025-10-16 14:33:22
who is founder of Google?,"The founders of Google are **Larry Page** and **Sergey Brin**.

They were Ph.D. students at Stanford University when they developed the search engine that would eventually become Google. They incorporated the company in **September 1998**.",Larry Page,Pass,2025-10-16 14:33:22
What is the latest Bugatti car released?,"As of my last update, the latest Bugatti road-legal car unveiled is the **Bugatti W16 Mistral**.

*   **Bugatti W16 Mistral:** This was unveiled in August 2022. It's significant because it's the **final roadster** to feature Bugatti's iconic quad-turbo W16 engine, marking the end of an era for the pure combustion W16 engine in Bugatti's road cars. Production is limited to just 99 units.

While the Mistral is the latest *road-legal* car, it's worth noting:

*   **Bugatti Bolide:** This is a track-only hypercar, originally unveiled as a concept in 2020, and later confirmed for very limited production (40 units). Deliveries for the Bolide are expected to begin in 2024.

Looking to the future, the next all-new Bugatti model, following the W16 Mistral and Bolide, will be developed under the Bugatti Rimac joint venture and is expected to feature a **hybrid powertrain**, moving away from the pure W16 combustion engine.",Tourbillion,Fail,2025-10-16 14:33:22
which is the fastest bike in world?,"That's a great question, but the answer isn't as straightforward as you might think because ""fastest"" can mean a few different things!

Here's the breakdown:

### 1. The Absolute ""Fastest"" (Track-Only, Production-Based)

If you're talking about sheer top speed from a *production-based motorcycle* (even if it's not street legal), the undisputed king is the:

*   **Kawasaki Ninja H2R**

    *   **Engine:** Supercharged 998cc inline-four
    *   **Power:** Over 310 horsepower (and up to 326 hp with ram-air)
    *   **Top Speed:** Officially recorded at **400 km/h (249 mph)** by professional racer Kenan Sofuoğlu on a public bridge (closed for the attempt). This is an astonishing figure for a production-based machine.

**Important Note:** The H2R is a **track-only** motorcycle. It's not street legal and is designed purely for performance without needing to meet road regulations.

### 2. Fastest Street-Legal Production Bikes

When it comes to bikes you can actually buy and ride on public roads, the situation is a bit different due to a ""gentlemen's agreement"" among manufacturers in the early 2000s. Most top-tier sportbikes are electronically limited to:

*   **300 km/h (186 mph)**

Even with this limiter, the bikes that hit this speed the quickest and have the *potential* to go much faster if unrestricted are:

*   **Kawasaki Ninja H2 (the street-legal version of the H2R):** Still supercharged, but detuned for road use to around 200-230 hp. It hits the 186 mph limiter effortlessly.
*   **Suzuki Hayabusa:** A legendary hyperbike, now in its third generation. Known for its incredible torque and top-end power.
*   **Kawasaki Ninja ZX-14R:** Another powerhouse from Kawasaki, designed for high-speed touring and straight-line performance.

These street-legal hyperbikes are built to reach the 186 mph limiter quickly and maintain it, with the Hayabusa and ZX-14R being naturally aspirated (not supercharged like the H2).

### In Summary:

*   **For pure, unrestricted top speed from a *production-based* bike (track-only):** **Kawasaki Ninja H2R** (recorded 249 mph / 400 km/h).
*   **For the fastest street-legal production bikes (hitting the electronic limiter):** **Kawasaki Ninja H2, Suzuki Hayabusa, Kawasaki Ninja ZX-14R.**

If someone just says ""fastest bike in the world,"" they're usually referring to the **Kawasaki Ninja H2R** for its incredible, record-setting top speed.",Kawasaki,Pass,2025-10-16 14:33:22
What's the capital of Spain?,The capital of Spain is **Madrid**.,Madrid,Pass,2025-10-16 14:40:31
Who is the president of Bangladesh?,The current president of Bangladesh is **Mohammad Shahabuddin**.,Shahabuddin,Pass,2025-10-16 14:40:31
What is 9+0?,9 + 0 = 9,9,Pass,2025-10-16 14:40:31
what is 500-50?,500 - 50 = **450**,450,Pass,2025-10-16 14:40:31
whats the symbolic bird of USA ?,"The symbolic bird of the USA is the **Bald Eagle**.

It was chosen as the national emblem in 1782 and represents strength, courage, freedom, and immortality.",Eagle,Pass,2025-10-16 14:40:31
which singer sang the song Skyfall?,"The song ""Skyfall"" was sung by **Adele**.",Adele,Pass,2025-10-16 14:40:31
who is founder of Google?,"Google was founded by **Larry Page** and **Sergey Brin**.

They were PhD students at Stanford University when they developed the search engine.",Larry Page,Pass,2025-10-16 14:40:31
What is the latest Bugatti car released?,"The latest **new model** unveiled by Bugatti is the **W16 Mistral**.

*   **Unveiled:** August 2022 at Monterey Car Week.
*   **Significance:** It's a roadster (convertible) and is officially the **last Bugatti to feature the iconic W16 quad-turbo engine** without any form of hybrid assistance. It's built on the Chiron platform but features a unique design.
*   **Production:** Production is limited to 99 units, all of which were sold out at a price of around €5 million each before the public unveiling. Deliveries are expected to begin in 2024.

While the Mistral is the latest *new model*, it's worth noting other very recent significant activities:

*   **Bugatti Bolide:** This is a track-only hypercar, the production version of which was unveiled in 2021 (the concept in 2020). Deliveries for the Bolide are expected to begin in 2024.
*   **Final Chiron Deliveries:** Bugatti has been completing the production run of various Chiron variants, with the very last new Chiron cars (like the special ""L'Ébé"" editions) being delivered in 2023, marking the end of the Chiron production era.

So, if you're asking about the latest *distinct new model* presented to the world, it's the **W16 Mistral**.",Tourbillion,Fail,2025-10-16 14:40:31
which is the fastest bike in world?,"That's a great question, and the answer depends on whether you're talking about a **production bike you can buy for the street** or a **track-only, non-street legal machine**.

**1. The Absolute Fastest (Track-Only Production Bike):**

*   **Kawasaki Ninja H2R**
    *   **Top Speed:** Officially cited around **249 mph (400 km/h)**, though it's been recorded going even faster in controlled environments (e.g., Kenan Sofuoğlu's 400 km/h run on a bridge in Turkey).
    *   **Why it's unique:** It's a supercharged, track-only motorcycle, meaning it's not street legal. It produces an insane **310 horsepower (326 hp with ram air)**, making it by far the most powerful production motorcycle ever made. It's built for one thing: pure, unadulterated speed.

**2. The Fastest Street-Legal Production Bikes:**

For street-legal bikes, there's a ""gentlemen's agreement"" among manufacturers to electronically limit the top speed to **299 km/h (186 mph)**. While many hyperbikes *could* go faster, they are electronically restricted.

However, some of the fastest bikes that reach this limiter with incredible acceleration and power include:

*   **Kawasaki Ninja H2 (Street-legal version of the H2R):** Also supercharged, but tuned for street use and limited to 186 mph.
*   **Suzuki Hayabusa:** Historically one of the original speed kings, the latest generation still hits the limiter and is an incredible high-speed touring machine.
*   **Kawasaki ZX-14R:** Another long-standing contender in the hyperbike category, known for its powerful engine and straight-line speed.
*   **BMW S1000RR:** A superbike known for its incredible power-to-weight ratio and advanced electronics, easily hitting the limiter.
*   **Ducati Panigale V4 R:** A high-performance superbike derived from MotoGP technology, also hitting the limiter with ease.

**In summary:**

If you're asking about the absolute, no-holds-barred fastest production bike, it's the **Kawasaki Ninja H2R**.

If you're asking about the fastest street-legal production bikes, many modern hyperbikes are electronically limited to **186 mph (299 km/h)**, and their ""fastest"" distinction often comes down to how quickly they reach that limit.",Kawasaki,Pass,2025-10-16 14:40:31
What's the capital of Spain?,The capital of Spain is **Madrid**.,Madrid,Pass,2025-10-16 15:01:43
Who is the president of Bangladesh?,The current president of Bangladesh is **Mohammed Shahabuddin**.,Shahabuddin,Pass,2025-10-16 15:01:43
What is 9+0?,9 + 0 = 9,9,Pass,2025-10-16 15:01:43
what is 500-50?,500 - 50 = **450**,450,Pass,2025-10-16 15:01:43
whats the symbolic bird of USA ?,The symbolic bird of the USA is the **Bald Eagle**.,Eagle,Pass,2025-10-16 15:01:43
which singer sang the song Skyfall?,"**Adele** sang the song ""Skyfall."" She also co-wrote it with Paul Epworth.",Adele,Pass,2025-10-16 15:01:43
who is founder of Google?,"Google was founded by **Larry Page** and **Sergey Brin**.

They were PhD students at Stanford University when they developed the search engine that would become Google.",Larry Page,Pass,2025-10-16 15:01:43
What is the latest Bugatti car released?,"This is an interesting question because ""latest"" can refer to a few things: the latest model unveiled, the latest one to begin deliveries, or the latest announcement about future models.

Here's the breakdown:

1.  **The Latest *Unveiled Production Model* (and the last of its kind):**
    The **Bugatti W16 Mistral** was unveiled in August 2022. It is significant because it's the final roadster to feature Bugatti's legendary W16 quad-turbo engine, marking the end of an era for that powertrain in an open-top car. Deliveries for its limited run (99 units) are expected to begin soon.

2.  **The Latest *Announced New-Generation Car* (for the future):**
    Bugatti has confirmed that the **successor to the Chiron**, which will feature an **all-new V16 hybrid powertrain**, will be fully revealed in **June 2024**. While we don't have its official name or full design yet, this new V16 hybrid model is the **latest *announced new-generation car*** from Bugatti and represents their future direction beyond the W16.

3.  **Another Very Recent and Extreme Model:**
    The **Bugatti Bolide** is a track-only hypercar that was initially unveiled as a concept in 2020, with production confirmed later. Deliveries for this extremely limited (40 units) and highly exclusive machine are also in the process of beginning.

So, while the **W16 Mistral** is the most recently *unveiled complete production car* (and the last W16 roadster), the **V16 hybrid successor to the Chiron** is the **latest announced *new-generation* Bugatti** that will define their future.",Tourbillion,Fail,2025-10-16 15:01:43
which is the fastest bike in world?,"That's a great question, but the answer depends on whether you mean a **track-only** bike or a **street-legal production bike**.

Here's the breakdown:

1.  **Absolute Fastest (Track-Only):**
    The undisputed king of speed is the **Kawasaki Ninja H2R**.
    *   **Top Speed:** It has officially hit **400 km/h (249 mph)** with test rider Kenan Sofuoglu.
    *   **Horsepower:** It produces an astounding 310 horsepower (326 with ram air).
    *   **Catch:** This bike is designed exclusively for closed-course riding and is **not street legal**. It lacks headlights, turn signals, and other components required for road use, and it's extremely loud.

2.  **Fastest Street-Legal Production Bike:**
    This category is a bit more nuanced due to an informal ""gentlemen's agreement"" among manufacturers around the turn of the millennium. Most modern hypersport and superbike manufacturers electronically limit their bikes' top speed to **299 km/h (186 mph)**.

    However, the bikes *most capable* of reaching and exceeding that limit (if unrestricted) are historically:

    *   **Suzuki Hayabusa:** This bike (especially the first and second generations) was specifically designed to be the fastest production motorcycle in the world. Its current generation still effortlessly hits the 186 mph limiter.
    *   **Kawasaki Ninja ZX-14R (also known as ZZR1400):** Kawasaki's direct competitor to the Hayabusa, it's also built for immense power and top speed, easily hitting the limiter.

    While other superbikes like the BMW S1000RR, Ducati Panigale V4, or Yamaha R1 are incredibly fast and capable, their design philosophy is often more focused on track performance (acceleration, handling, lap times) rather than raw, unrestricted top speed. The Hayabusa and ZX-14R are built for that autobahn-blasting, top-speed dominance.

**In summary:**

*   **Absolute Fastest (Track-Only):** **Kawasaki Ninja H2R** (400 km/h / 249 mph)
*   **Fastest Street-Legal (pre-limiter potential):** Historically, the **Suzuki Hayabusa** and **Kawasaki Ninja ZX-14R**, which are electronically limited to 299 km/h (186 mph).",Kawasaki,Pass,2025-10-16 15:01:43
What's the capital of Spain?,The capital of Spain is **Madrid**.,Madrid,Pass,2025-10-16 15:18:38
Who is the president of Bangladesh?,The current President of Bangladesh is **Mohammed Shahabuddin**.,Shahabuddin,Pass,2025-10-16 15:18:38
What is 9+0?,9 + 0 = 9,9,Pass,2025-10-16 15:18:38
what is 500-50?,500 - 50 = **450**,450,Pass,2025-10-16 15:18:38
whats the symbolic bird of USA ?,The symbolic bird of the USA is the **Bald Eagle**.,Eagle,Pass,2025-10-16 15:18:38
which singer sang the song Skyfall?,"The song ""Skyfall"" was sung by **Adele**.",Adele,Pass,2025-10-16 15:18:38
who is founder of Google?,"The founders of Google are **Larry Page** and **Sergey Brin**.

They were Ph.D. students at Stanford University when they developed the search engine in 1996, eventually incorporating Google Inc. in 1998.",Larry Page,Pass,2025-10-16 15:18:38
What is the latest Bugatti car released?,"This is a great question, as Bugatti is in a transitional phase!

While deliveries of the **Bugatti W16 Mistral** (the final W16-powered roadster, unveiled in 2022) and the **Bugatti Bolide** (the track-only W16 hypercar, unveiled in 2021) are currently ongoing or nearing completion, these are the last of the W16 era.

The **truly ""latest"" Bugatti car released in terms of a brand new model generation** is yet to be fully revealed, but it's coming extremely soon.

Bugatti-Rimac has confirmed that the **successor to the Chiron** will be unveiled in **June 2024**. This car will mark a completely new era for the brand:

*   It will feature a **hybrid powertrain**, moving away from the iconic W16 engine.
*   It is rumored to utilize a **V8-based hybrid system**.
*   It will be the first new model developed under the Bugatti-Rimac joint venture.

So, while the **Mistral** is the latest *W16-powered road-legal car* unveiled and delivered, the **new hybrid successor** is the actual *latest generation model* that is about to be released to the public.",Tourbillion,Fail,2025-10-16 15:18:38
which is the fastest bike in world?,"This is a great question, but the answer depends on how you define ""fastest""!

Here are the top contenders, broken down by criteria:

1.  **Absolute Top Speed (Track-Only, Not Street Legal):**
    *   **Kawasaki Ninja H2R:** This is widely considered the fastest *production* motorcycle in terms of outright top speed. It's a supercharged, track-only machine.
        *   **Top Speed:** Documented at over **400 km/h (249 mph)** with a professional rider on a closed course.

2.  **Fastest Street-Legal Production Bike (Electronically Limited):**
    *   Most major manufacturers, including Suzuki and Kawasaki, entered an unofficial ""gentlemen's agreement"" in the early 2000s to limit the top speed of their production bikes to **300 km/h (186 mph)**. This was done to prevent government regulation.
    *   Therefore, many hyperbikes are *electronically limited* to this speed, making it hard to crown one ""fastest"" without modification. The bikes capable of easily reaching this limit (and more, if unlimited) include:
        *   **Suzuki Hayabusa:** Historically the ""king"" of top speed, and the current generation is still limited to 186 mph but gets there incredibly quickly.
        *   **Kawasaki Ninja ZX-14R:** Kawasaki's direct competitor to the Hayabusa, also limited to 186 mph.
        *   **BMW S1000RR:** A superbike with immense power, also hitting the limiter.
        *   **Ducati Panigale V4R:** An incredibly fast, track-focused superbike that also bumps into the 186 mph limiter, though its aerodynamics are more geared towards cornering than pure top speed.

**In summary:**

*   If you mean **absolute, raw top speed (track-only)**: It's the **Kawasaki Ninja H2R**.
*   If you mean **fastest street-legal production bike (within manufacturer limits)**: Many bikes will hit the **300 km/h (186 mph)** electronic limiter, with the **Suzuki Hayabusa** and **Kawasaki Ninja ZX-14R** being the most iconic for pure straight-line speed capability.",Kawasaki,Pass,2025-10-16 15:18:38
What's the capital of Spain?,The capital of Spain is **Madrid**.,Madrid,Pass,2025-10-16 15:20:05
Who is the president of Bangladesh?,"The current president of Bangladesh is **Mohammed Shahabuddin**.

He assumed office on April 24, 2023.",Shahabuddin,Pass,2025-10-16 15:20:05
What is 9+0?,9 + 0 = 9,9,Pass,2025-10-16 15:20:05
what is 500-50?,500 - 50 = **450**,450,Pass,2025-10-16 15:20:05
whats the symbolic bird of USA ?,The symbolic bird of the USA is the **Bald Eagle**.,Eagle,Pass,2025-10-16 15:20:05
which singer sang the song Skyfall?,"The song ""Skyfall"" was sung by **Adele**.",Adele,Pass,2025-10-16 15:20:05
who is founder of Google?,"Google was founded by **Larry Page** and **Sergey Brin**.

They were PhD students at Stanford University when they developed the search engine that would eventually become Google. They officially incorporated the company in September 1998.",Larry Page,Pass,2025-10-16 15:20:05
What is the latest Bugatti car released?,"The **latest specific vehicle announced** by Bugatti, marking the end of an era, is the:

*   **Bugatti Chiron Super Sport L'Ultime**

This was unveiled in **May 2024** and is the 500th and final Chiron production model, a unique one-off with special ""Atlantic Blue"" and ""French Racing Blue"" livery, commemorating the end of the Chiron's production run.

However, if you're asking about the **latest distinct new model line** (not just a final variant of the Chiron), that would be the:

*   **Bugatti W16 Mistral**

This stunning roadster was unveiled in **August 2022** and is significant as it's designed to be the very last W16-powered Bugatti road car. All 99 units have been sold, with deliveries expected to begin in 2024.

Also highly anticipated and currently in production/testing is the **Bugatti Bolide**, a track-only hypercar based on the W16 engine, which was first shown as a concept in 2020.

Looking forward, Bugatti (now Bugatti Rimac) is working on an entirely new, hybrid-powered model that will succeed the Chiron, expected to be unveiled in 2024.",Tourbillon,Fail,2025-10-16 15:20:05
which is the fastest bike in world?,"That's a great question, but the answer depends on how you define ""fastest"" and ""bike""! There are a few categories:

1.  **Fastest Production, Road-Legal Motorcycle (Top Speed):**
    This is generally considered to be the **Kawasaki Ninja H2**.
    *   **Why:** It's the only supercharged production motorcycle, giving it an incredible power output (around 200-230 hp, depending on the model year and tuning).
    *   **Top Speed:** While electronically limited to 186 mph (299 km/h) in many markets due to a ""gentlemen's agreement"" among manufacturers, the H2 is widely believed to be capable of much higher speeds without the limiter. Some tests have shown it pushing well past 200 mph.
    *   **Other Contenders:** The **Suzuki Hayabusa** and **Kawasaki ZX-14R** are also legendary for their top speed capabilities and are electronically limited to the same 186 mph, with similar potential if derestricted.

2.  **Fastest Track-Only Motorcycle (Not Road Legal):**
    This title goes to the **Kawasaki Ninja H2R**.
    *   **Why:** It's the track-only version of the H2, without mirrors, lights, or emission controls, and with much more aggressive tuning and aerodynamics. It produces over 300 horsepower.
    *   **Top Speed:** It has been recorded reaching speeds over 249 mph (400 km/h) in controlled environments (e.g., by Kenan Sofuoğlu on a bridge in Turkey). This makes it the fastest ""bike"" in the traditional sense, even if not street-legal.

3.  **Fastest Purpose-Built Land Speed Record Motorcycle (Highly Modified/Specialized):**
    These aren't ""bikes"" in the consumer sense but are two-wheeled vehicles designed solely for setting speed records.
    *   **Current Record Holder:** The **Top Oil-Ack Attack Streamliner** holds the current FIM (Fédération Internationale de Motocyclisme) Land Speed Record for motorcycles, reaching an astounding 376.363 mph (605.697 km/h) in 2010. These machines are highly streamlined, often enclosed, and sometimes use jet engines or multiple conventional engines.

**In summary:**

*   If you mean a **production bike you can buy and ride on the street**, the **Kawasaki Ninja H2** is generally considered the fastest.
*   If you mean the fastest two-wheeled vehicle that still resembles a ""motorcycle"" but isn't road-legal, it's the **Kawasaki Ninja H2R**.
*   If you mean any two-wheeled vehicle designed for pure speed records, then it's a specialized **land speed streamliner**.",Kawasaki,Pass,2025-10-16 15:20:05
What's the capital of Spain?,The capital of Spain is **Madrid**.,Madrid,Pass,2025-10-16 15:26:58
Who is the president of Bangladesh?,"As of my last update, the President of Bangladesh is **Mohammed Shahabuddin**.

He assumed office on April 24, 2023. The President in Bangladesh is largely a ceremonial head of state, while the Prime Minister holds most of the executive power.",Shahabuddin,Pass,2025-10-16 15:26:58
What is 9+0?,9 + 0 = 9,9,Pass,2025-10-16 15:26:58
what is 500-50?,500 - 50 = **450**,450,Pass,2025-10-16 15:26:58
whats the symbolic bird of USA ?,"The symbolic bird of the USA is the **Bald Eagle**.

It was chosen as the national emblem in 1782, representing strength, courage, freedom, and immortality.",Eagle,Pass,2025-10-16 15:26:58
which singer sang the song Skyfall?,"The song ""Skyfall"" was sung by **Adele**.",Adele,Pass,2025-10-16 15:26:58
who is founder of Google?,Google was founded by **Larry Page** and **Sergey Brin**.,Larry Page,Pass,2025-10-16 15:26:58
What is the latest Bugatti car released?,"The absolute latest *new generation* Bugatti car, and the successor to the Chiron, is scheduled to be **unveiled in June 2024**.

While the official name and full details are yet to be released, Bugatti has confirmed key aspects:
*   It will feature a brand new **V16 hybrid powertrain**, moving away from the quad-turbo W16 engine that powered the Veyron and Chiron.
*   This marks the beginning of a new era for Bugatti under Bugatti Rimac.

**However, if you're looking for the very last cars of the previous W16 era that have been announced/completed:**

1.  **Bugatti Chiron L'Ultime (March 2024):** This was the very **last Chiron** to roll off the production line, marking the end of the Chiron production run. It's a special one-off specification of the Chiron Super Sport.
2.  **Bugatti W16 Mistral (August 2022 unveil, deliveries ongoing):** This is the **last road-legal Bugatti to feature the W16 engine**, and it's a roadster. Deliveries of these exclusive cars are still in progress.

So, for a *new model line*, the upcoming **V16 hybrid in June 2024** is the latest. For the *final iteration of the previous line*, it's the **Chiron L'Ultime** and the **W16 Mistral**.",Tourbillon,Fail,2025-10-16 15:26:58
which is the fastest bike in world?,"Defining the ""fastest bike"" can be a little tricky because it depends on whether you're talking about:

1.  **Track-only production bikes (not street legal)**
2.  **Street-legal production bikes**
3.  **Experimental/Custom bikes (often one-offs)**

Here's a breakdown:

### 1. Absolute Fastest (Experimental/Custom)

**MTT 420-RR (or Y2K Turbine Superbike):**
*   **Engine:** Rolls-Royce Allison 250 series gas turbine engine (like in a helicopter).
*   **Power:** Up to 420 horsepower (for the 420-RR version).
*   **Top Speed:** Theoretically capable of speeds well over 250 mph (400 km/h), with claims often pushing towards 270 mph (435 km/h) or more. It's incredibly powerful and unique, but not a mass-production bike in the traditional sense.

### 2. Fastest Production Bike (Track-Only)

**Kawasaki Ninja H2R:**
*   **Engine:** Supercharged 998cc inline-four.
*   **Power:** Around 310-326 horsepower (with ram air).
*   **Top Speed:** Officially measured at over 249 mph (400 km/h) by multiple sources, with a record-setting attempt by Kenan Sofuoğlu reaching 249.1 mph (400 km/h) on a closed bridge.
*   **Key Point:** This bike is *not street legal*. It's designed purely for track use.

### 3. Fastest Production Bike (Street-Legal)

This category has some nuances due to a ""gentlemen's agreement"" among manufacturers to electronically limit top speeds to around 186 mph (300 km/h) for safety reasons, starting in the early 2000s. However, some bikes *could* go faster if unrestricted.

*   **Lightning LS-218 (Electric):**
    *   **Power:** Around 200 horsepower.
    *   **Top Speed:** Claimed and demonstrated top speed of **218 mph (351 km/h)**, making it arguably the fastest *street-legal production bike* in terms of recorded speed. It achieved this during a land speed record event. Being electric, it doesn't fall under the traditional ICE ""gentlemen's agreement.""

*   **Suzuki Hayabusa & Kawasaki ZX-14R:**
    *   These bikes were the kings of top speed before the electronic limiter came into effect. While modern versions are limited to 186 mph, *unrestricted* versions are capable of speeds well over 200 mph (around 200-210 mph depending on conditions).
    *   The **Suzuki Hayabusa** (especially the early generations) is often cited as the bike that prompted the speed limiter agreement.

*   **Other Modern Superbikes (e.g., Ducati Panigale V4 R, BMW S1000RR, Aprilia RSV4 Factory):**
    *   While incredibly powerful and fast on a track, they generally hit the electronic limiter around 186 mph (300 km/h) on the top end for street-legal models.

**In summary:**

*   **Absolute fastest (experimental):** MTT 420-RR (or Y2K Turbine Superbike) – potentially 250-270+ mph
*   **Fastest production (track-only):** Kawasaki Ninja H2R – 249 mph (400 km/h)
*   **Fastest street-legal production:** Lightning LS-218 (electric) – 218 mph (351 km/h)

If you're asking about what you could realistically buy and ride on the street that's fastest, the **Lightning LS-218** holds a strong claim for its proven top speed without an electronic limiter, or the legendary **Suzuki Hayabusa** and **Kawasaki ZX-14R** for their immense power and potential if unrestricted.",Kawasaki,Pass,2025-10-16 15:26:58
What's the capital of Spain?,The capital of Spain is **Madrid**.,Madrid,Pass,2025-10-16 15:39:38
Who is the president of Bangladesh?,The current president of Bangladesh is **Mohammed Shahabuddin**.,Shahabuddin,Pass,2025-10-16 15:39:38
What is 9+0?,9 + 0 = 9,9,Pass,2025-10-16 15:39:38
what is 500-50?,500 - 50 = **450**,450,Pass,2025-10-16 15:39:38
whats the symbolic bird of USA ?,"The symbolic bird of the USA is the **Bald Eagle**.

It's the national bird and national emblem of the United States.",Eagle,Pass,2025-10-16 15:39:38
which singer sang the song Skyfall?,"**Adele** sang the song ""Skyfall"".",Adele,Pass,2025-10-16 15:39:38
who is founder of Google?,"Google was founded by **Larry Page** and **Sergey Brin**.

They were Ph.D. students at Stanford University when they developed the search engine that would eventually become Google.",Larry Page,Pass,2025-10-16 15:39:38
What is the latest Bugatti car released?,"As of early 2024, the two most recently unveiled and significant Bugatti vehicles (beyond specific Chiron trim levels) that represent the pinnacle of their current offerings are:

1.  **Bugatti W16 Mistral:** Unveiled in August 2022, this is Bugatti's final W16-powered roadster and one of the last cars to use the iconic W16 engine before the brand transitions to hybrid powertrains. Deliveries are expected to begin in 2024. It's effectively the open-top version of the Chiron, but with unique styling and significance as an ""end of an era"" car.

2.  **Bugatti Bolide:** While the concept was shown in 2020 and production confirmed in 2021, the first customer deliveries of this extreme, track-only hypercar are happening in late 2023/early 2024. It's not street-legal and is designed for ultimate performance on the race track.

If you're asking about the **latest street-legal production model** to be fully delivered to customers (or nearing completion of its production run), it would be the **Bugatti Chiron Super Sport**, which represents the ultimate evolution of the standard Chiron in terms of top speed and luxury.

Looking to the future, Bugatti is also developing its **next-generation hybrid hypercar**, which is expected to be unveiled in the coming years and will mark a new chapter for the brand.",Mistral,Pass,2025-10-16 15:39:38
which is the fastest bike in world?,"This is a great question, but the answer has an important nuance: **track-only vs. street-legal.**

**The undisputed king of raw, unrestricted top speed (track-only) is the:**

1.  **Kawasaki Ninja H2R**
    *   **Top Speed:** Well over **400 km/h (250 mph)**. There are documented runs pushing towards 260 mph.
    *   **Why it's so fast:** It's a supercharged, track-only machine (meaning it's not street-legal) with over 300 horsepower. It's built purely for speed and performance without road regulations.

---

**If you're asking about the fastest *street-legal production bike*, the answer gets a little more nuanced due to an informal ""gentleman's agreement"" among manufacturers:**

Most top-tier street-legal bikes are electronically limited to around **299-300 km/h (186 mph)**. Without this limiter, many could go faster. However, hitting that limited speed quickly is where they differentiate.

Current contenders for the ""fastest street-legal"" (hitting their limiter fastest or having the highest theoretical speed without it) include:

1.  **Kawasaki Ninja H2:** This is the street-legal version of the H2R. While electronically limited to 186 mph, it reaches that speed incredibly quickly thanks to its supercharged engine. If the limiter were removed, it would likely be the fastest street-legal production bike.
2.  **Suzuki Hayabusa:** Historically, this was *the* speed king for many years and is still immensely powerful and fast, capable of hitting its 186 mph limiter.
3.  **Kawasaki Ninja ZX-14R:** The direct competitor to the Hayabusa, also designed for incredible straight-line speed.
4.  **BMW S1000RR, Ducati Panigale V4 R, Aprilia RSV4, Yamaha YZF-R1M, Honda CBR1000RR-R Fireblade SP:** These liter-class superbikes are also incredibly fast, hitting their 186 mph (300 km/h) limit very rapidly and offering supreme track performance.

**In summary:**

*   **Absolute Fastest (Track-Only):** **Kawasaki Ninja H2R** (400 km/h+ / 250 mph+)
*   **Fastest Street-Legal (electronically limited):** Many top superbikes and hyperbikes (like the **Kawasaki Ninja H2**, Suzuki Hayabusa, ZX-14R) will hit their 186 mph (300 km/h) limiter very quickly. If you remove the limiter, the H2 would likely hold the top spot among street-legal bikes.",Kawasaki,Pass,2025-10-16 15:39:38
What's the capital of Spain?,The capital of Spain is **Madrid**.,Madrid,Pass,2025-10-16 15:49:05
Who is the president of Bangladesh?,"The current president of Bangladesh is **Mohammed Shahabuddin**.

He took office on April 24, 2023.",Shahabuddin,Pass,2025-10-16 15:49:05
What is 9+0?,9 + 0 = 9,9,Pass,2025-10-16 15:49:05
what is 500-50?,500 - 50 = 450,450,Pass,2025-10-16 15:49:05
whats the symbolic bird of USA ?,The symbolic bird of the USA is the **Bald Eagle**.,Eagle,Pass,2025-10-16 15:49:05
which singer sang the song Skyfall?,"**Adele** sang the song ""Skyfall.""",Adele,Pass,2025-10-16 15:49:05
who is founder of Google?,"Google was founded by **Larry Page** and **Sergey Brin**.

They were PhD students at Stanford University when they developed the search engine in 1998.",Larry Page,Pass,2025-10-16 15:49:05
What is the latest Mercedes car released?,"Determining the ""absolute latest"" Mercedes car can be a bit nuanced, as Mercedes-Benz frequently unveils new models, facelifts, and special editions throughout the year. However, based on major recent unveilings and significant new models:

As of April 2024, the **most recently unveiled significant models** that will be hitting the market are:

1.  **Mercedes-Benz G 580 with EQ Technology (Electric G-Wagen):** This was officially unveiled in April 2024. It's a brand new, all-electric version of the iconic G-Class, representing a major step for the brand.
2.  **Refreshed Mercedes-Benz G-Class (Gasoline Models):** Alongside the electric version, the entire gasoline-powered G-Class lineup (G 550, AMG G 63) also received a significant refresh for the 2025 model year, also unveiled in April 2024.

Other very recent and significant new models that have been released or are just arriving in dealerships for the 2024 model year include:

*   **Mercedes-Benz CLE Coupe and Cabriolet:** This is a brand new model line, replacing both the C-Class Coupe/Cabriolet and the E-Class Coupe/Cabriolet with a single, stylish offering.
*   **Mercedes-Benz E-Class Sedan (W214 Generation):** This is a completely redesigned generation of Mercedes' core mid-size luxury sedan, featuring a host of new technology and design cues.
*   **Mercedes-AMG GT Coupe (New Generation):** The high-performance sports car has been completely redesigned for its second generation.

If you're looking for what's *just hit the news* or is a brand new variant of an existing line, the **electric G-Class (G 580 with EQ Technology)** and the **refreshed G-Class gasoline models** are currently the front-runners.",C63 AMG,Fail,2025-10-16 15:49:05
which is the fastest bike in world?,"This is a great question, but the answer has a couple of nuances! It depends on whether you mean:

1.  **Fastest production motorcycle (street legal):**
2.  **Fastest track-only, non-street legal motorcycle:**

Let's break it down:

---

### 1. Fastest **Street-Legal Production** Motorcycle

Currently, the title for the fastest **street-legal production motorcycle** is often contested between a couple of incredible machines, with the **Kawasaki Ninja H2** generally considered the king for sheer top speed.

*   **Kawasaki Ninja H2:**
    *   **Engine:** Supercharged 998cc inline-four.
    *   **Horsepower:** Around 200-230 hp (depending on region/tuning).
    *   **Top Speed:** While electronically limited in many markets, an unrestricted H2 can exceed **200 mph (322 km/h)**. Its unique supercharger gives it a massive advantage in outright acceleration and top-end power.

**Other strong contenders and historically fast bikes (street legal):**

*   **Lightning LS-218:** This is an all-electric motorcycle that has claimed the title of the **world's fastest production electric motorcycle** and also holds a certified land speed record for a production motorcycle.
    *   **Engine:** Electric motor.
    *   **Horsepower:** Over 200 hp.
    *   **Top Speed:** Claims of up to **218 mph (351 km/h)** from its record run at Bonneville. It's a very specialized, high-performance electric bike.
*   **Suzuki Hayabusa:** An iconic speed machine, the Hayabusa was historically one of the fastest production bikes before the ""gentlemen's agreement"" to limit speeds. The latest generation is still incredibly fast.
    *   **Engine:** 1340cc inline-four.
    *   **Horsepower:** Around 187 hp.
    *   **Top Speed:** Electronically limited to 186 mph (299 km/h), but unrestricted older models could go faster.
*   **Kawasaki Ninja ZX-14R:** Another hyperbike from Kawasaki, known for its immense power and smooth delivery.
    *   **Engine:** 1441cc inline-four.
    *   **Horsepower:** Around 208 hp.
    *   **Top Speed:** Electronically limited to 186 mph (299 km/h).

---

### 2. Fastest **Track-Only / Non-Street Legal** Motorcycle

If you remove the ""street legal"" restriction, then the answer is clear:

*   **Kawasaki Ninja H2R:**
    *   **Engine:** Supercharged 998cc inline-four.
    *   **Horsepower:** A staggering **310-326 hp** (with ram air).
    *   **Top Speed:** The H2R has been officially clocked at **over 249 mph (400 km/h)** by a professional rider (Kenan Sofuoğlu) on a closed bridge. It's built purely for track performance and is not street legal.

---

**In summary:**

*   For the **absolute fastest production motorcycle (track only)**, it's the **Kawasaki Ninja H2R**.
*   For the **fastest street-legal production motorcycle**, the **Kawasaki Ninja H2** is a very strong contender, especially in terms of raw top speed, with the **Lightning LS-218** also holding impressive records as an electric option.",Kawasaki,Pass,2025-10-16 15:49:05
What's the capital of Spain?,The capital of Spain is **Madrid**.,Madrid,Pass,2025-10-16 16:12:14
Who is the president of Bangladesh?,"The current President of Bangladesh is **Mohammed Shahabuddin**.

He assumed office on April 24, 2023.",Shahabuddin,Pass,2025-10-16 16:12:14
What is 9+0?,9 + 0 = 9,9,Pass,2025-10-16 16:12:14
what is 500-50?,500 - 50 = 450,450,Pass,2025-10-16 16:12:14
whats the symbolic bird of USA ?,The symbolic bird of the USA is the **Bald Eagle**.,Eagle,Pass,2025-10-16 16:12:14
which singer sang the song Skyfall?,"The song ""Skyfall"" was sung by **Adele**.",Adele,Pass,2025-10-16 16:12:14
who is founder of Google?,"Google was founded by **Larry Page** and **Sergey Brin**.

They were PhD students at Stanford University when they developed the search engine that would become Google. The company was officially incorporated in **1998**.",Larry Page,Pass,2025-10-16 16:12:14
What is the latest Mercedes car released?,"Determining the *absolute latest* Mercedes-Benz can be tricky because they constantly release new variants, trims, and update existing models throughout the year.

However, as of early 2024, one of the most recent and significant all-new models to be released and become available (or very soon available) is the **Mercedes-Benz CLE Coupe and Cabriolet**.

Here's why it's a strong contender for ""latest"":

1.  **All-New Model Line:** The CLE is an entirely new model series, effectively replacing both the C-Class Coupe/Cabriolet and the E-Class Coupe/Cabriolet with a single, dedicated two-door offering.
2.  **Recent Unveiling and Rollout:** The Coupe was unveiled in mid-2023 and began its market launch in late 2023, with the Cabriolet following shortly after in early 2024.

**Other very recent and significant releases include:**

*   **New Mercedes-Benz E-Class (W214 generation):** The all-new generation of their core E-Class sedan was unveiled in Spring 2023 and is rolling out globally. Various body styles (wagon, All-Terrain) are also being released.
*   **New Mercedes-AMG GT Coupe (C192 generation):** The second generation of their flagship sports car was unveiled in August 2023 and is hitting markets.
*   **Mercedes-Maybach EQS SUV:** An ultra-luxurious electric SUV, a very recent addition to their high-end EQ line.

**Looking ahead, one of the most anticipated ""upcoming"" releases is:**

*   **Mercedes-Benz EQG:** The all-electric version of the iconic G-Class, which has been shown as a concept (EQG Concept) and is expected to debut in its production form very soon.

So, while the **CLE Coupe/Cabriolet** is the latest *all-new model series* to be widely available, the **new E-Class** and **new AMG GT Coupe** are also incredibly recent and significant generational updates.",C63 AMG,Fail,2025-10-16 16:12:14
which is the fastest bike in world?,"This is a fantastic question with a two-part answer, depending on whether you're talking about a **track-only machine** or a **street-legal production bike**.

1.  **The Absolute Fastest (Track-Only): Kawasaki Ninja H2R**
    *   **Top Speed:** This supercharged beast has been clocked at an incredible **249 mph (400 km/h)** in controlled tests with professional riders (like Kenan Sofuoğlu).
    *   **Key Point:** The H2R is a **track-only** motorcycle, meaning it's not street-legal and cannot be registered for road use. It's built purely for ultimate performance on a closed circuit.

2.  **The Fastest Street-Legal Production Bikes:**
    *   If you're asking about bikes you can actually buy and legally ride on the street, the answer becomes a bit more nuanced due to an informal ""Gentlemen's Agreement"" among manufacturers. Most major manufacturers electronically limit their top-tier sportbikes to **186 mph (300 km/h)**.
    *   Within that limit, the most powerful and fastest-accelerating bikes often share the top spot. The main contenders are:
        *   **Suzuki Hayabusa:** Historically the ""king of speed,"" the latest generation is still incredibly powerful and easily hits the 186 mph limiter.
        *   **Kawasaki Ninja ZX-14R:** Kawasaki's direct competitor to the Hayabusa, also a hyper-fast, powerful machine that hits the limiter.
        *   Other high-performance superbikes like the **BMW S1000RR**, **Ducati Panigale V4**, and **Yamaha YZF-R1M** are also capable of reaching this electronic limit very quickly.

**In summary:**

*   For pure, unadulterated speed on a track: **Kawasaki Ninja H2R** (249 mph / 400 km/h).
*   For the fastest you can legally ride on the street (hitting the electronic limiter): **Suzuki Hayabusa** and **Kawasaki Ninja ZX-14R** are the traditional contenders, with many other superbikes also reaching the 186 mph (300 km/h) limit.",Kawasaki,Pass,2025-10-16 16:12:14
What's the capital of Spain?,The capital of Spain is **Madrid**.,Madrid,Fail,2025-10-16 19:07:42
Who is the president of Bangladesh?,The current president of Bangladesh is **Mohammed Shahabuddin**.,Shahabuddin,Fail,2025-10-16 19:07:42
What is 9+0?,9 + 0 = 9,9,Fail,2025-10-16 19:07:42
what is 500-50?,500 - 50 = **450**,450,Fail,2025-10-16 19:07:42
whats the symbolic bird of USA ?,The symbolic bird of the USA is the **Bald Eagle**.,Eagle,Fail,2025-10-16 19:07:42
which singer sang the song Skyfall?,"The song ""Skyfall"" was sung by **Adele**.",Adele,Fail,2025-10-16 19:07:42
who is founder of Google?,"Google was founded by **Larry Page** and **Sergey Brin**.

They were Ph.D. students at Stanford University when they developed the search engine that would eventually become Google. They officially incorporated Google Inc. in September 1998.",Larry Page,Fail,2025-10-16 19:07:42
What is the latest Bugatti car released?,"As of my last update, Bugatti's releases often involve several stages: initial unveiling, production confirmation, and then actual customer deliveries, which can span a few years.

The two most recent and distinct models to either be unveiled or begin customer deliveries are:

1.  **Bugatti W16 Mistral:**
    *   **Unveiled:** August 2022
    *   **Significance:** It is the *last road-going Bugatti to feature the iconic W16 engine*. It's a hyper-roadster, limited to 99 units.
    *   **Deliveries:** Customer deliveries are scheduled to begin in **2024**.

2.  **Bugatti Bolide:**
    *   **Unveiled (concept):** October 2020
    *   **Production Confirmed:** 2021
    *   **Significance:** An extreme, track-only hypercar designed for ultimate performance. It's not road legal. Limited to 40 units.
    *   **Deliveries:** Customer deliveries are also starting in **2024**.

While the W16 Mistral was unveiled more recently as a *new model*, both the Mistral and the Bolide are seeing their first customer deliveries in 2024, making them the ""latest"" in terms of reaching owners.

If you're looking for the very *last version of the Chiron line* that is road-legal and has finished its production, that would be the **Chiron Super Sport 300+**, which completed its production run in 2022, and the **Centodieci**, which completed its production run in 2024 (a limited-edition homage to the EB110).

However, the **W16 Mistral** and **Bolide** are generally considered the latest distinct models from Bugatti in terms of availability and newness.",Mistral,Fail,2025-10-16 19:07:42
which is the fastest bike in world?,"The **Kawasaki Ninja H2R** is widely considered the fastest production motorcycle in the world, specifically designed for track use.

Here's why:

*   **Top Speed:** It has a supercharged engine that allows it to reach speeds in excess of **400 km/h (249 mph)**. Professional rider Kenan Sofuoglu famously hit 400 km/h on a stock H2R on a bridge in Turkey.
*   **Track-Only:** It's important to note that the H2R is **not street legal**. It's built purely for performance on a closed course.

**For street-legal bikes**, the title is a bit more nuanced due to electronic speed limiters and a ""gentlemen's agreement"" among manufacturers to cap top speeds around **299-303 km/h (186 mph)**. However, if de-restricted or in certain configurations, some of the fastest street-legal bikes include:

1.  **Kawasaki Ninja H2:** The street-legal version of the H2R, also supercharged, but with less extreme tuning. It's electronically limited but capable of much higher speeds.
2.  **Suzuki Hayabusa:** A legendary speed machine, now in its third generation, still one of the fastest production bikes.
3.  **Kawasaki Ninja ZX-14R:** Another long-standing contender in the hyperbike category.
4.  **BMW S1000RR / Ducati Panigale V4R:** While often known for their incredible track performance and handling, their top speeds are also among the highest for street-legal bikes.

So, for sheer, outright top speed, the **Kawasaki Ninja H2R** takes the crown.",Kawasaki Ninja H2R,Fail,2025-10-16 19:07:42
What's the capital of Spain?,The capital of Spain is **Madrid**.,Madrid,Pass,2025-10-16 19:16:33
Who is the president of Bangladesh?,The current president of Bangladesh is **Mohammed Shahabuddin**.,Shahabuddin,Pass,2025-10-16 19:16:33
What is 9+0?,9 + 0 = 9,9,Pass,2025-10-16 19:16:33
what is 500-50?,500 - 50 = 450,450,Pass,2025-10-16 19:16:33
whats the symbolic bird of USA ?,The **Bald Eagle** is the national bird of the USA.,Eagle,Pass,2025-10-16 19:16:33
which singer sang the song Skyfall?,"The song ""Skyfall"" was sung by **Adele**.",Adele,Pass,2025-10-16 19:16:33
who is founder of Google?,"Google was founded by **Larry Page** and **Sergey Brin**.

They were PhD students at Stanford University when they developed the search engine in 1996, which was eventually incorporated as Google in 1998.",Larry Page,Pass,2025-10-16 19:16:33
What is the latest Bugatti car released?,"The latest Bugatti car released, and a major new chapter for the brand, is the **Bugatti Tourbillon**.

It was officially unveiled on **June 20, 2024**.

Here's why it's so significant:

*   **Successor to the Chiron:** The Tourbillon is the first entirely new Bugatti model since the Chiron was introduced in 2016, and it takes over as the brand's flagship hypercar.
*   **Hybrid V16 Engine:** It marks a radical departure from Bugatti's iconic W16 engine. The Tourbillon features a naturally aspirated **8.3-liter V16 engine** combined with **three electric motors**, creating a hybrid powertrain with a total output of **1,800 horsepower**.
*   **New Era:** It represents Bugatti's push into electrification while maintaining its commitment to extreme performance and luxury.
*   **Name Meaning:** ""Tourbillon"" is a complex mechanism in high-end watches designed to counteract gravity's effects, symbolizing precision engineering and craftsmanship.

While the Tourbillon is the latest *new model*, it's worth noting other very recent and highly exclusive Bugatti vehicles that are part of the outgoing Chiron era:

*   **Bugatti W16 Mistral:** Unveiled in August 2022, this roadster was explicitly announced as the **final road-going car to feature Bugatti's legendary W16 engine**. Deliveries are still ongoing.
*   **Bugatti Bolide:** Unveiled as a concept in 2020 and confirmed for production, the Bolide is a track-only hypercar designed for extreme performance, also powered by the W16. Deliveries are expected to begin soon.

So, for a *brand new generation* and platform, the **Bugatti Tourbillon** is the definitive answer.",Mistral,Pass,2025-10-16 19:16:33
which is the fastest bike in world?,"The answer to ""which is the fastest bike in the world?"" depends on whether you're talking about **track-only** production bikes or **street-legal** production bikes, and how you define ""fastest"" (top speed, acceleration, etc.).

However, if we're talking about **absolute top speed for a production motorcycle**, the undisputed king is:

**Kawasaki Ninja H2R**

*   **Top Speed:** Over **240 mph (386 km/h)**, with some test riders (like Kenan Sofuoglu) achieving **400 km/h (249 mph)** on a specially prepared closed course.
*   **Engine:** Supercharged 998cc inline-four.
*   **Horsepower:** Around **326 hp** (with ram air).

**Important Note:** The H2R is a **track-only** motorcycle. It is not street-legal and does not come with headlights, mirrors, or other road-required equipment.

---

**For Street-Legal Production Motorcycles:**

Most major manufacturers (Kawasaki, Suzuki, BMW, Ducati, Yamaha, Honda) have an unwritten ""gentlemen's agreement"" to electronically limit their top-tier sportbikes to **186 mph (300 km/h)**. This makes it difficult to name a single ""fastest"" street-legal bike purely by top speed, as many are electronically capped at the same point.

However, if you're looking at bikes that are capable of hitting that limit quickly and could potentially exceed it if de-restricted, the top contenders include:

1.  **Kawasaki Ninja H2:** The street-legal version of the H2R. While electronically limited to 186 mph, it's incredibly powerful (around 200-230 hp depending on ram air) and built for speed. If de-restricted, it would likely be one of the fastest.
2.  **Suzuki Hayabusa:** Historically, the ""king of speed"" before the gentlemen's agreement. The latest generation is still incredibly powerful, refined, and hits the 186 mph limiter with ease.
3.  **BMW S1000RR:** A powerhouse superbike known for its incredible performance and technology.
4.  **Ducati Panigale V4 R/SP2:** Extreme performance and track focus, these bikes are among the fastest accelerating and best handling.
5.  **Honda CBR1000RR-R Fireblade SP:** Honda's most aggressive track-focused superbike, also hitting the limiter quickly.
6.  **Yamaha YZF-R1M:** A high-performance, track-ready machine.

**In summary:**

*   **Absolute fastest (track-only):** **Kawasaki Ninja H2R** (over 240 mph)
*   **Fastest street-legal (electronically limited):** Many top-tier superbikes (including the **Kawasaki Ninja H2** and **Suzuki Hayabusa**) will hit the **186 mph (300 km/h)** limiter. If de-restricted, the Kawasaki H2 would likely lead among street-legal machines.",Kawasaki Ninja H2R,Pass,2025-10-16 19:16:33
What's the capital of Spain?,The capital of Spain is **Madrid**.,Madrid,Pass,2025-10-16 20:55:12
Who is the president of Bangladesh?,The current president of Bangladesh is **Mohammed Shahabuddin**.,Shahabuddin,Pass,2025-10-16 20:55:12
What is 9+0?,9 + 0 = 9,9,Pass,2025-10-16 20:55:12
what is 500-50?,500 - 50 = **450**,450,Pass,2025-10-16 20:55:12
whats the symbolic bird of USA ?,The symbolic bird of the USA is the **Bald Eagle**.,Eagle,Pass,2025-10-16 20:55:12
which singer sang the song Skyfall?,"The song ""Skyfall"" was sung by **Adele**.",Adele,Pass,2025-10-16 20:55:12
who is founder of Google?,Google was founded by **Larry Page** and **Sergey Brin**.,Larry Page,Pass,2025-10-16 20:55:12
What is the latest Bugatti car released?,"The very latest *new model* unveiled by Bugatti (as opposed to a variant of an existing model) is the **Bugatti W16 Mistral**.

*   **Bugatti W16 Mistral:** Unveiled in August 2022, it's a roadster and the very last Bugatti to feature the iconic W16 quad-turbo engine, marking the end of an era for the pure combustion powertrain. Production is limited to 99 units, with deliveries expected to begin in 2024.

However, Bugatti also had a very significant ""final"" release for the Chiron platform itself:

*   **Bugatti Chiron Profilée:** Unveiled in late 2022 and sold at auction in February 2023, this was a unique ""one-of-one"" special edition and the very last Chiron-based model produced by Bugatti before the end of the Chiron's production run. It combined elements of the Pur Sport with a more elegant, road-focused design.

And for track enthusiasts, the **Bugatti Bolide** (unveiled as a concept in 2020, with production confirmed and deliveries starting in 2024) is their latest track-only hypercar.

So, while the **W16 Mistral** is the latest *new production model* to be announced, the **Chiron Profilée** was literally the last *Chiron-series car* to be unveiled and sold, and the **Bolide** is the latest dedicated track machine.",Mistral,Pass,2025-10-16 20:55:12
which is the fastest bike in world?,"That's a great question, but the answer is a bit nuanced because ""fastest"" can mean different things (top speed, acceleration, street legal, etc.) and there are a couple of contenders depending on the category.

Here are the top contenders for the title of ""fastest bike in the world"":

1.  **Absolute Fastest (Specialty/Non-Conventional Production):**
    *   **MTT 420RR (or MTT Y2K Turbine Superbike):** This is widely considered the *absolute fastest* production motorcycle ever sold to the public. It's powered by a **Rolls-Royce Allison turbine engine** (yes, like a jet engine!).
        *   **Claimed Top Speed:** Over **250 mph (402 km/h)**, with some reports suggesting even higher in optimal conditions.
        *   **Horsepower:** 420 hp.
        *   **Note:** It's not a conventional piston-engine motorcycle and is produced in extremely limited numbers, more of a ""hyper-bike.""

2.  **Fastest Production (Track-Only / Non-Street Legal):**
    *   **Kawasaki Ninja H2R:** This is a track-only version of the supercharged H2. It's not street-legal.
        *   **Claimed Top Speed:** Easily exceeds **240 mph (386 km/h)**, and a record attempt by Kenan Sofuoglu on a bridge reached **400 km/h (249 mph)**.
        *   **Horsepower:** 310 hp (with ram air).
        *   **Note:** It doesn't have the electronic speed limiter found on street-legal bikes.

3.  **Fastest Production (Street Legal):**
    *   This category is dominated by a ""gentlemen's agreement"" among manufacturers (primarily Japanese and European) that electronically limits the top speed of their bikes to **186 mph (300 km/h)**. This was implemented around 2000 to prevent a speed war.
    *   Within this limited category, the top contenders (if derestricted or in theory) are:
        *   **Kawasaki Ninja H2:** The street-legal, supercharged version. While limited to 186 mph, if the limiter were removed, it's generally accepted it could go significantly faster than its naturally aspirated rivals due to the forced induction.
        *   **Suzuki Hayabusa:** Historically one of the kings of top speed, famous for breaking the 300 km/h barrier before the limiter. The latest generation is still incredibly fast.
        *   **Kawasaki Ninja ZX-14R:** Another long-standing contender for ultimate top speed in the unrestricted category.
        *   **BMW S1000RR & Ducati Panigale V4R:** While incredible track machines with blistering acceleration and handling, their absolute top speed potential (if unrestricted) might be slightly behind the supercharged H2 or the sheer grunt of the Hayabusa/ZX-14R in a straight line, though they are still easily capable of hitting the 186 mph limiter.

**In summary:**

*   **Absolute, unfiltered speed:** **MTT 420RR** (turbine engine)
*   **Fastest traditional *production* motorcycle (track only):** **Kawasaki Ninja H2R**
*   **Fastest traditional *street-legal* production motorcycle (limited):** **Kawasaki Ninja H2, Suzuki Hayabusa, Kawasaki Ninja ZX-14R** (all electronically limited to 186 mph/300 km/h).

If someone just asks ""which is the fastest bike?"" most people are likely thinking of the **Kawasaki Ninja H2R** for its incredible, widely publicized speed, or the **MTT 420RR** if they know about the more exotic bikes.",Kawasaki Ninja H2R,Pass,2025-10-16 20:55:12
